{
  "thresholds": {
    "short": 0.030872613191604614,
    "medium": 0.046555839478969574,
    "long": 0.47152844071388245
  },
  "short_max": 30,
  "long_min": 80,
  "description": "Adaptive 95th-percentile MSE thresholds per URL length category"
}