{
  "n_features": 36,
  "feature_names": [
    "url_length",
    "domain_length",
    "path_length",
    "query_length",
    "num_dots",
    "num_hyphens",
    "num_underscores",
    "num_slashes",
    "num_at_signs",
    "num_question_marks",
    "num_equals",
    "num_ampersands",
    "num_percent_signs",
    "num_digits",
    "digit_ratio",
    "url_entropy",
    "domain_entropy",
    "is_https",
    "is_ip_address",
    "num_subdomains",
    "has_suspicious_tld",
    "has_trusted_tld",
    "phishing_keyword_count",
    "brand_keyword_count",
    "has_url_shortener",
    "num_query_params",
    "has_port_in_url",
    "has_double_slash_in_path",
    "subdomain_length",
    "sld_length",
    "num_special_chars_in_domain",
    "path_entropy",
    "has_hex_encoding",
    "consecutive_digits_in_domain",
    "has_tld_in_path",
    "domain_age_days"
  ],
  "mean": [
    48.842318610850924,
    18.165027739750702,
    21.502590964766913,
    5.18923841775344,
    2.234810865336119,
    0.16581021687441458,
    0.28204337488291664,
    2.761661502990129,
    0.0037135240291087256,
    0.11084804380719072,
    0.20391382664457094,
    0.09689602997334101,
    0.3068520786800202,
    5.205119965415376,
    0.08400296723184736,
    4.108179084607216,
    3.3283892076579265,
    0.267725340442395,
    0.06975574609121694,
    0.5475927660494272,
    0.02884069457453707,
    0.019668564017580516,
    0.05335687009150515,
    0.0743137113624901,
    0.04934505367821889,
    0.1757633835290727,
    0.04956120757979682,
    0.0018344261113913106,
    4.305451401397796,
    8.618649758628143,
    0.00553642193241588,
    2.382724765852331,
    0.028146120037466676,
    0.5315512645003242,
    0.006584047842063549,
    -1.0
  ],
  "scale": [
    43.13412472341799,
    11.025769673122403,
    29.916243935145665,
    26.93709330905689,
    1.3998030153528027,
    0.5963807710480699,
    1.0562338101283164,
    1.7564476773748054,
    0.0704215201595568,
    0.34265051467873037,
    0.9415109049455315,
    0.647422924844451,
    3.6155947339691497,
    12.588240635734723,
    0.13290744676569868,
    0.4021909813674228,
    0.4219717156092268,
    0.44277362447189084,
    0.25473492492821864,
    1.019455990318629,
    0.16735862365167814,
    0.1388586029286743,
    0.2741534341221816,
    0.26391293103534297,
    0.21658744043775482,
    0.6884186661372178,
    0.2170366196832612,
    0.042790898474374325,
    10.67184480777474,
    4.999661093044777,
    0.1685424436873972,
    1.8278405609096462,
    0.16539019307243527,
    1.6008214824354954,
    0.08087458288090145,
    1.0
  ]
}