{
  "n_features": 36,
  "feature_names": [
    "url_length",
    "domain_length",
    "path_length",
    "query_length",
    "num_dots",
    "num_hyphens",
    "num_underscores",
    "num_slashes",
    "num_at_signs",
    "num_question_marks",
    "num_equals",
    "num_ampersands",
    "num_percent_signs",
    "num_digits",
    "digit_ratio",
    "url_entropy",
    "domain_entropy",
    "is_https",
    "is_ip_address",
    "num_subdomains",
    "has_suspicious_tld",
    "has_trusted_tld",
    "phishing_keyword_count",
    "brand_keyword_count",
    "has_url_shortener",
    "num_query_params",
    "has_port_in_url",
    "has_double_slash_in_path",
    "subdomain_length",
    "sld_length",
    "num_special_chars_in_domain",
    "path_entropy",
    "has_hex_encoding",
    "consecutive_digits_in_domain",
    "has_tld_in_path",
    "domain_age_days"
  ],
  "mean": [
    49.380579343476086,
    18.209755672448846,
    21.742763653298073,
    5.025390021283172,
    2.2058830337848234,
    0.17529409041331295,
    0.25380625640844084,
    2.853867804674128,
    0.004064636572469678,
    0.11720042539111063,
    0.22801453737355032,
    0.11415841597640468,
    0.26080260572480574,
    5.245185414150382,
    0.08445391981832996,
    4.126207235406235,
    3.319503616578122,
    0.3198617070384255,
    0.06574770930154973,
    0.5544994914097957,
    0.029637123953032682,
    0.018645584116190054,
    0.0404870483113035,
    0.026577412603505254,
    0.05134922785521996,
    0.19963152741825452,
    0.047039487569837536,
    0.0018287460357878655,
    4.565486946184756,
    8.45047883733692,
    0.003850851667318007,
    2.3782112042835486,
    0.02526746942671603,
    0.54874772428011,
    0.00392574446848579,
    -1.0
  ],
  "scale": [
    59.97978030829479,
    11.249349614480533,
    30.651810827569438,
    26.076739872015352,
    1.359009064612459,
    0.585775349632488,
    1.0036120231308208,
    1.7754115622770423,
    0.07469037301034616,
    0.3490662747165722,
    0.9981927462246987,
    0.7043533408519081,
    3.133768892278707,
    13.592764623942378,
    0.13129487119898886,
    0.4170883331877094,
    0.4392024233034269,
    0.46642276467743304,
    0.24784056976861063,
    1.019289817352145,
    0.1695840937018719,
    0.13526982778640048,
    0.23072805459667659,
    0.16288066304127075,
    0.22070904977655587,
    0.7698825142048005,
    0.21172334349094835,
    0.04272472028842133,
    10.866994704341154,
    5.023543399935425,
    0.187249127193123,
    1.8335585370379306,
    0.1569363705953028,
    1.6296392437511504,
    0.06253265545950809,
    1.0
  ]
}